Type,Name,Request Count,Failure Count,Median Response Time,Average Response Time,Min Response Time,Max Response Time,Average Content Size,Requests/s,Failures/s,50%,66%,75%,80%,90%,95%,98%,99%,99.9%,99.99%,100%
GET,Cenario 1 - Imagem 1MB,2690,0,79,102.7690731327113,41.904825999608875,1434.1452259996004,30895.0,44.38015160823367,0.0,79,97,110,120,160,240,360,450,1400,1400,1400
,Aggregated,2690,0,79,102.7690731327113,41.904825999608875,1434.1452259996004,30895.0,44.38015160823367,0.0,79,97,110,120,160,240,360,450,1400,1400,1400
