Type,Name,Request Count,Failure Count,Median Response Time,Average Response Time,Min Response Time,Max Response Time,Average Content Size,Requests/s,Failures/s,50%,66%,75%,80%,90%,95%,98%,99%,99.9%,99.99%,100%
GET,Cenario 1 - Imagem 1MB,6545,0,130.0,303.2999314444568,45.74305399910372,1517.3247710008582,30993.0,57.18137910576029,0.0,130,360,490,560,750,880,1000,1100,1500,1500,1500
GET,Cenario 3 - Imagem 300kb,6591,0,130.0,304.5688336029473,48.71918599928904,1518.7425219992292,30788.0,57.58326503988787,0.0,130,370,490,560,750,880,1000,1100,1400,1500,1500
GET,Cenario 4 - Imagens 10mb,6455,0,130.0,303.6469817169584,54.05956799950218,1528.8884620003955,40724.0,56.39508053898895,0.0,130,360,490,560,740,880,1000,1100,1400,1500,1500
,Aggregated,19591,0,130.0,303.8411770998928,45.74305399910372,1528.8884620003955,34130.27987341126,171.1597246846371,0.0,130,360,490,560,750,880,1000,1100,1400,1500,1500
