Type,Name,Request Count,Failure Count,Median Response Time,Average Response Time,Min Response Time,Max Response Time,Average Content Size,Requests/s,Failures/s,50%,66%,75%,80%,90%,95%,98%,99%,99.9%,99.99%,100%
GET,Cenario 1 - Imagem 1MB,1366,0,84,106.70533396704914,41.23040499871422,951.6287300011754,30993.0,15.441446045621182,0.0,84,100,110,120,180,260,360,450,830,950,950
GET,Cenario 3 - Imagem 300kb,1276,0,83,105.98642002900719,44.04574599902844,1061.9038919994637,30788.0,14.424074051400169,0.0,84,100,110,120,170,240,360,460,940,1100,1100
GET,Cenario 4 - Imagens 10mb,1352,0,85,108.17181467896616,39.96173499945144,1187.3754739990545,40724.0,15.28318817985347,0.0,85,100,120,130,180,240,350,440,1200,1200,1200
,Aggregated,3994,0,85,106.97207100700163,39.96173499945144,1187.3754739990545,34221.52578868302,45.14870827687482,0.0,85,100,110,120,180,240,360,450,1100,1200,1200
