Type,Name,Request Count,Failure Count,Median Response Time,Average Response Time,Min Response Time,Max Response Time,Average Content Size,Requests/s,Failures/s,50%,66%,75%,80%,90%,95%,98%,99%,99.9%,99.99%,100%
GET,Cenario 1 - Imagem 1MB,4548,0,130.0,236.49641927815654,43.30704799940577,825.8440809986496,30993.0,58.44281441583295,0.0,130,310,380,420,510,580,650,690,810,830,830
GET,Cenario 3 - Imagem 300kb,4623,0,150.0,240.36726959680672,52.50234100094531,811.7572690007364,30788.0,59.40658114432624,0.0,150,310,380,430,520,590,660,700,780,810,810
GET,Cenario 4 - Imagens 10mb,4519,0,130.0,238.3013501101971,56.10263800008397,820.8584559997689,40724.0,58.070157947482215,0.0,130,310,380,420,520,590,670,710,780,820,820
,Aggregated,13690,0,140.0,238.39937205047906,43.30704799940577,825.8440809986496,34135.92724616508,175.9195535076414,0.0,140,310,380,420,520,590,660,700,790,820,830
