Type,Name,Request Count,Failure Count,Median Response Time,Average Response Time,Min Response Time,Max Response Time,Average Content Size,Requests/s,Failures/s,50%,66%,75%,80%,90%,95%,98%,99%,99.9%,99.99%,100%
GET,Cenario 1 - Imagem 1MB,1342,0,78,94.89935440240993,41.47318600007566,1109.10870799853,30993.0,15.18522637710858,0.0,78,97,110,120,150,200,260,280,360,1100,1100
GET,Cenario 3 - Imagem 300kb,1338,0,76,92.54592355159424,40.33474100106105,1067.6445919998514,30788.0,15.139964897594098,0.0,77,93,100,110,140,190,260,300,810,1100,1100
GET,Cenario 4 - Imagens 10mb,1378,0,79,93.14833323438607,39.53502399963327,967.7328319994558,40724.0,15.592579692738914,0.0,79,96,100,110,140,190,250,280,710,970,970
,Aggregated,4058,0,78,93.52877834328494,39.53502399963327,1109.10870799853,34229.823065549535,45.91777096744159,0.0,78,96,110,110,140,200,260,290,710,1100,1100
