Type,Name,Request Count,Failure Count,Median Response Time,Average Response Time,Min Response Time,Max Response Time,Average Content Size,Requests/s,Failures/s,50%,66%,75%,80%,90%,95%,98%,99%,99.9%,99.99%,100%
GET,Cenario 1 - Imagem 1MB,3810,0,110.0,258.77662010473256,53.22542099929706,1025.663923999673,30993.0,58.134377499426904,0.0,110,320,430,480,620,710,800,860,1000,1000,1000
GET,Cenario 3 - Imagem 300kb,3798,0,110.0,256.8583715626616,54.2630250001821,1029.6205569993617,30788.0,57.95127709785391,0.0,110,310,420,480,620,710,790,840,970,1000,1000
GET,Cenario 4 - Imagens 10mb,3823,0,120.0,259.6256436220061,53.93332700077735,1017.6609410009405,40724.0,58.33273626779766,0.0,120,320,420,480,610,710,790,840,1000,1000,1000
,Aggregated,11431,0,120.0,258.4232222343593,53.22542099929706,1029.6205569993617,34179.33741579914,174.41839086507846,0.0,120,320,430,480,620,710,790,850,990,1000,1000
